{"loss_G": [0.7353137731552124, 0.6998139023780823, 0.691394567489624, 0.669194221496582, 0.6942259669303894, 0.6995909214019775, 0.6899983882904053, 0.6985363960266113, 0.6666460037231445, 0.7118194103240967, 0.6967605948448181, 0.6841016411781311, 0.6682873964309692, 0.7041233777999878, 0.6911709904670715, 0.7148668766021729, 0.6730836629867554, 0.7074128985404968, 0.684114396572113, 0.7104371786117554, 0.6557182669639587, 0.7146673798561096, 0.6798824667930603, 0.7020667791366577, 0.6944178342819214, 0.6811632513999939, 0.703732967376709, 0.7389289736747742, 0.5970712304115295, 0.8387758731842041, 0.6264755725860596, 0.6532536745071411, 0.7282136082649231, 0.6882542967796326, 0.6996518969535828, 0.6804023385047913, 0.6830941438674927], "loss_D": [0.6933399438858032, 0.7081203460693359, 0.693598747253418, 0.6970188617706299, 0.6944974064826965, 0.6937764286994934, 0.6937490105628967, 0.6935680508613586, 0.6937083601951599, 0.69392991065979, 0.6933562755584717, 0.6940181255340576, 0.693979024887085, 0.6934422254562378, 0.693617582321167, 0.6935079097747803, 0.6936391592025757, 0.6935527324676514, 0.693549633026123, 0.693526566028595, 0.6939212679862976, 0.6942978501319885, 0.6937044262886047, 0.6933895349502563, 0.6932265162467957, 0.6931804418563843, 0.6932169198989868, 0.6931580901145935, 0.6946648359298706, 0.7009456753730774, 0.7052593231201172, 0.6954710483551025, 0.6952662467956543, 0.6946955323219299, 0.6953176259994507, 0.6934715509414673, 0.6934783458709717]}