{"loss_G": [0.6102786064147949, 0.6896550059318542, 0.725834310054779, 0.7250890135765076, 0.6628184914588928, 0.6946864128112793, 0.6944990754127502, 0.6953461766242981, 0.6909164786338806, 0.6844152212142944, 0.7025375366210938, 0.6965479254722595, 0.6870995163917542, 0.6921077966690063, 0.6945098042488098, 0.696587860584259, 0.6872026920318604, 0.698508620262146, 0.6973804235458374, 0.6867809295654297, 0.689582884311676, 0.7026607990264893, 0.680975079536438, 0.7095316052436829, 0.6949392557144165, 0.6905566453933716, 0.6905876398086548, 0.6991376280784607, 0.688266932964325, 0.6972976326942444, 0.6852480173110962, 0.7157171368598938, 0.6752434968948364, 0.7037644982337952, 0.687725305557251, 0.6917737126350403, 0.7006999850273132, 0.6798011064529419, 0.7094265222549438, 0.6762338876724243, 0.6870826482772827, 0.7091308832168579, 0.676489531993866, 0.7098962664604187, 0.6792497038841248, 0.700890064239502, 0.6915785670280457, 0.6917465329170227, 0.6979320645332336, 0.6863369941711426, 0.7012745141983032, 0.6925044655799866, 0.6939046382904053, 0.6907070279121399, 0.7001938819885254, 0.6890750527381897, 0.6969114542007446, 0.6952390074729919, 0.6892982125282288, 0.704192578792572, 0.6842187643051147, 0.6997438669204712, 0.6851838827133179, 0.7017857432365417, 0.6673890352249146, 0.7127576470375061, 0.7081264853477478, 0.6455618143081665, 0.7437871098518372, 0.6619285345077515, 0.7427891492843628, 0.6479927897453308, 0.7290092706680298, 0.7105204463005066, 0.6721838712692261, 0.6974548101425171, 0.693172037601471, 0.6944082379341125, 0.6887449622154236, 0.7016563415527344, 0.6821131706237793, 0.6921966671943665, 0.7038727402687073, 0.6897703409194946, 0.6932312846183777, 0.6975881457328796, 0.6935703158378601, 0.6951866149902344, 0.6883124709129333, 0.696302056312561, 0.6953099966049194, 0.6904488801956177, 0.6902793645858765, 0.6967616677284241, 0.6918511390686035, 0.6959871053695679, 0.6917392015457153, 0.6942417025566101, 0.694214940071106], "loss_D": [0.6935142278671265, 0.699080228805542, 0.6939651370048523, 0.6945129632949829, 0.6937512755393982, 0.6940701007843018, 0.6936476230621338, 0.6934102773666382, 0.6932982802391052, 0.6932075023651123, 0.6933352947235107, 0.6932822465896606, 0.693167507648468, 0.693164050579071, 0.6931872963905334, 0.6932007074356079, 0.6932826042175293, 0.6932971477508545, 0.6932802200317383, 0.6932913064956665, 0.693305492401123, 0.6932295560836792, 0.6933236718177795, 0.6934472322463989, 0.6935732364654541, 0.6935242414474487, 0.6932990550994873, 0.6931772828102112, 0.6931877732276917, 0.6931953430175781, 0.6932430267333984, 0.6933466196060181, 0.69346022605896, 0.6933811902999878, 0.6933354735374451, 0.6933332681655884, 0.69327712059021, 0.6933841705322266, 0.6935850381851196, 0.6937313079833984, 0.6936495304107666, 0.6932833194732666, 0.6933504939079285, 0.6933671236038208, 0.6933638453483582, 0.6932582855224609, 0.6932218074798584, 0.6932187080383301, 0.6932276487350464, 0.6932079792022705, 0.6932523250579834, 0.6932581067085266, 0.6931242942810059, 0.6931042075157166, 0.6930623054504395, 0.6931141018867493, 0.6931194067001343, 0.6932225227355957, 0.6933005452156067, 0.6934242248535156, 0.6933969259262085, 0.693374752998352, 0.6934641003608704, 0.6934452056884766, 0.6937233209609985, 0.6947587728500366, 0.6952047944068909, 0.6944119930267334, 0.6948683857917786, 0.6952687501907349, 0.6941788196563721, 0.6963829398155212, 0.7013007402420044, 0.696481466293335, 0.6942402124404907, 0.6936695575714111, 0.6939431428909302, 0.6935933828353882, 0.6938844919204712, 0.6940175294876099, 0.6941337585449219, 0.6939442753791809, 0.6933579444885254, 0.6930983066558838, 0.6932141780853271, 0.6934726238250732, 0.6933647394180298, 0.6934876441955566, 0.6934609413146973, 0.6934303045272827, 0.693352460861206, 0.6933069229125977, 0.6932849287986755, 0.6931549906730652, 0.6931475400924683, 0.6930807828903198, 0.6930133700370789, 0.6930643320083618, 0.6929746270179749]}